{"val_loss": [0.9654021919250488, 0.8466162888526917, 0.8586460931777954, 0.7728890857696533, 0.7368798288345337, 0.7565007289886475, 0.6365905702590943, 0.6918437572479248, 0.6519145318031311], "val_acc": [0.6694, 0.7106, 0.6966, 0.7365, 0.7447, 0.7425, 0.7782, 0.7638, 0.7757], "loss": [1.1645218599700928, 0.9873115936660767, 0.8832334438323974, 0.8037891527938843, 0.7443266831588745, 0.6917510445785523, 0.6409462856292725, 0.6004910304164887, 0.565456494178772], "acc": [0.59888, 0.65984, 0.69414, 0.71922, 0.74208, 0.76036, 0.77436, 0.78954, 0.80078]}